{
    "avg_prec": {
        "test": 0.5163049713232195
    },
    "roc_auc": {
        "test": 0.8178161591675757
    }
}
